DayofYear,Unnamed: 0,ANON_ID,HH,GASKWH,Month,WeekofYear,Power
1,6207224.931277505,8142.579788251802,23.52551183111168,0.35333310173656507,1.0,29.82569041392946,0.7066662034731301
2,6144764.33370801,8150.275001605755,23.547594578971033,0.3533239948998462,1.0,29.825615004174963,0.7066479897996925
3,6166459.8813298745,8125.739854585055,23.50626181096057,0.40315626075465905,1.0,29.635725953685018,0.8063125215093181
4,6178487.823823728,8123.404567176625,23.521248276083263,0.43806493868963525,1.0,1.0,0.8761298773792705
5,6158440.935350186,8126.684306162135,23.53017310083203,0.3743198102476822,1.0,1.4473843603557652,0.7486396204953644
6,6173694.94013927,8099.000095828275,23.5269277454801,0.38517715182053053,1.0,1.4454737111096914,0.7703543036410611
7,6175909.917591884,8138.585518759572,23.47626339969372,0.38599134110977285,1.0,1.6667783307810107,0.7719826822195457
8,6182490.504390569,8105.560799847284,23.543714803856066,0.4118694363946168,1.0,1.6664598644650186,0.8237388727892336
9,6159358.659664404,8149.662130139618,23.474061739464585,0.41101765736695284,1.0,1.447290892788523,0.8220353147339057
10,6141568.540857515,8127.170644884467,23.627626100499,0.38713211397920255,1.0,1.4522454947080699,0.7742642279584051
11,6140681.331996535,8106.677082999134,23.591805961051044,0.3693047715849671,1.0,2.0,0.7386095431699342
12,6147762.6893944265,8112.318810734281,23.60978827466375,0.3892575359459267,1.0,2.4466181864984877,0.7785150718918534
13,6140295.283163426,8089.633128601279,23.592224403216616,0.3915574284863598,1.0,2.447603368581017,0.7831148569727197
14,6192368.841168023,8112.663634913037,23.412382320089357,0.3822213675823033,1.0,2.443529599489389,0.7644427351646066
15,6139825.097579765,8147.390993130898,23.49313089811902,0.35113427735108604,1.0,2.4446620016691276,0.7022685547021721
16,6137090.685617337,8114.247639168988,23.587534812253914,0.3926688475194303,1.0,2.4460450078427605,0.7853376950388606
17,6185528.8239747025,8106.441388782419,23.57400664366935,0.37012011884665436,1.0,2.4497253098249647,0.7402402376933087
18,6171623.968402499,8133.218586764941,23.568530684185227,0.365036765111973,1.0,3.0,0.730073530223946
19,6171533.391500467,8089.7085414183075,23.61549118793698,0.3228691685078697,1.0,3.4460482649740634,0.6457383370157393
20,6108649.046811636,8102.569211610307,23.556566720950283,0.339672029126997,1.0,3.44614745984609,0.679344058253994
21,6111600.95959596,8141.925797659131,23.591919191919192,0.36159232582494893,1.0,3.444572711239378,0.7231846516498979
22,6128620.515375311,8138.718055643981,23.476634621506335,0.35179175025635806,1.0,3.446043165467626,0.7035835005127161
23,6133698.834577755,8105.30039907312,23.579331874356335,0.31424763897714686,1.0,3.454589340885685,0.6284952779542937
24,6167616.50579659,8127.798130961174,23.489739554899,0.3309292786701771,1.0,3.4561482385433058,0.6618585573403541
25,6157877.746823724,8113.832758730767,23.491189427312776,0.3404164904144614,1.0,4.0,0.6808329808289229
26,6152469.43777864,8162.016249919235,23.54897589972217,0.32959029665158557,1.0,4.446824319958648,0.6591805933031711
27,6117383.986878076,8139.957771845753,23.42353584408066,0.32918727961619587,1.0,4.446563535200849,0.6583745592323917
28,6168292.684672844,8131.301381720258,23.5050492097586,0.3104679377738212,1.0,4.44984451639791,0.6209358755476424
29,6165003.789691121,8112.358519187942,23.438692186037503,0.32324982059482155,1.0,4.451215182519446,0.6464996411896431
30,6167900.234336043,8116.34986885989,23.550917980766116,0.3394902352805804,1.0,4.446264935401354,0.6789804705611608
31,6146280.428165053,8137.033432416019,23.69722248857353,0.35369469611809234,1.0,4.449995205676479,0.7073893922361847
32,6191521.357849117,8100.288731942215,23.499261637239165,0.4084163409719547,2.0,5.0,0.8168326819439095
33,6145362.096327629,8173.14333781965,23.583445491251684,0.3549941268795831,2.0,5.4505864256873675,0.7099882537591662
34,6162492.392208628,8086.063071474566,23.47662588538313,0.33431350714471386,2.0,5.44703799098519,0.6686270142894277
35,6151008.612057919,8123.467580727832,23.476806765761147,0.3288907979541305,2.0,5.448968477703741,0.657781595908261
36,6172972.812730687,8114.386259146539,23.422100628116297,0.2864849983673677,2.0,5.448487988085216,0.5729699967347354
37,6133884.839251733,8151.465086276407,23.36065150782132,0.35441074088942004,2.0,5.451733591356233,0.7088214817788401
38,6172418.698357711,8125.0618103669485,23.654862714908905,0.37740857943098494,2.0,5.451725686425456,0.7548171588619699
39,6186548.792658954,8106.546614675647,23.568431568431567,0.3592650918059325,2.0,6.0,0.718530183611865
40,6196679.853976782,8124.393520739391,23.539000287825,0.36811496669599286,2.0,6.445936870382807,0.7362299333919857
41,6151207.0984529285,8109.609275996269,23.69048920909588,0.3749216390869068,2.0,6.448361262101573,0.7498432781738136
42,6163020.9755350705,8129.795572709005,23.69095084686294,0.37683917374789233,2.0,6.449427450480049,0.7536783474957847
43,6128141.593830334,8125.49926092545,23.51802699228792,0.35576863206257014,2.0,6.450449871465295,0.7115372641251403
44,6171357.97208549,8133.765219600496,23.54136365079869,0.3496884545295415,2.0,6.451999110800597,0.699376909059083
45,6146622.289289191,8145.321194417397,23.580493346316132,0.3379299122280002,2.0,6.450048685491724,0.6758598244560003
46,6124260.209118991,8186.225304073621,23.63305231996911,0.3438263148454201,2.0,7.0,0.6876526296908402
47,6139877.471380796,8123.789086114863,23.455688468711813,0.289950342294709,2.0,7.449225030548589,0.579900684589418
48,6194761.3070147345,8121.558776425369,23.50845611787316,0.29231540065697476,2.0,7.448462524023062,0.5846308013139495
49,6192936.85156473,8136.813326357843,23.69185769999049,0.3024311460380342,2.0,7.663654522971559,0.6048622920760685
50,6195620.772463497,8100.866903781355,23.644795956570572,0.30904274437018653,2.0,7.662953949831524,0.6180854887403731
51,6203343.12594499,8152.539585008847,23.33282933890944,0.3176250979640582,2.0,7.448608653691491,0.6352501959281164
52,6154704.043716723,8125.044999679261,23.530213612162424,0.33886506988697823,2.0,7.449868497017127,0.6777301397739565
53,6190901.1220623655,8146.394375366187,23.52577957164247,0.32491221343911975,2.0,8.0,0.6498244268782395
54,6178089.642529142,8098.24639542725,23.580777752801772,0.30147311575968716,2.0,8.44882951735654,0.6029462315193743
55,6166422.401519579,8164.431326709527,23.546301707903112,0.27473776274502554,2.0,8.450353919085655,0.5494755254900511
56,6142167.25449507,8158.211799961333,23.634272088676934,0.2641183218405654,2.0,8.455178191660758,0.5282366436811308
57,6166902.064281284,8170.447781659103,23.598250138748327,0.28456253121403224,2.0,8.45551891874245,0.5691250624280645
58,6163563.79243011,8121.793796986364,23.37452403423699,0.27926180938657613,2.0,8.456927132489342,0.5585236187731523
59,6155310.129990744,8093.906903264929,23.539941914275683,0.27502527075322203,2.0,8.446398365940063,0.5500505415064441
60,6165145.150438766,8087.279326364692,23.614982578397214,0.29291568713053256,2.9986127242224803,9.0,0.5858313742610651
61,6146990.715280005,8141.840304060555,23.638912053370966,0.26121394927956804,3.0,9.450028866508436,0.5224278985591361
62,6134875.065717629,8134.722178887156,23.447315392615703,0.2793023533707343,3.0,9.446242849713988,0.5586047067414686
63,6147851.556275201,8113.60278756707,23.65999936501889,0.26522776704840056,3.0,9.45270978188399,0.5304555340968011
64,6179175.612030799,8144.774815527751,23.52595444337504,0.262867290561713,3.0,9.454347128649342,0.525734581123426
65,6169070.480587045,8175.747904556986,23.60779087318154,0.26764379074472555,3.0,9.455441729021484,0.5352875814894511
66,6127907.220134828,8114.145148407298,23.382663982874853,0.30493767933582344,3.0,9.450301926579124,0.6098753586716469
67,6165995.715839456,8124.310083737047,23.56716609451699,0.2763328921330072,3.0,10.0,0.5526657842660144
68,6165373.332020241,8140.145080707149,23.599827056110684,0.2838017509717057,3.0,10.450134511913912,0.5676035019434114
69,6151052.502965599,8116.909332820364,23.540380237889135,0.2872613199252138,3.0,10.447565002725145,0.5745226398504276
70,6165224.512551493,8095.046858908342,23.453913491246137,0.29179806954883397,3.0,10.4485710607621,0.5835961390976679
71,6164972.186929513,8068.746165060852,23.511568204868155,0.2716197887445557,3.0,10.448180780933063,0.5432395774891114
72,6160069.569296785,8158.341008069681,23.583674907134622,0.2576643655857141,3.0,10.450172921736902,0.5153287311714282
73,6183841.324221398,8104.565725350976,23.72844924963692,0.24302296993397773,3.0,10.452412457640794,0.48604593986795547
74,6150089.627401918,8143.713341673884,23.576364161293426,0.24791887687858785,3.0,11.0,0.4958377537571757
75,6163672.720405358,8139.427256161887,23.643457689971548,0.2206018118537077,3.0,11.449761836258432,0.4412036237074154
76,6181558.361486595,8100.921250443591,23.390489402200213,0.21034756005900584,3.0,11.450462948027228,0.4206951201180117
77,6125083.47759167,8122.795802884304,23.51383948780961,0.23559635698668638,3.0,11.450688740865292,0.47119271397337276
78,6194948.002631579,8148.500545571245,23.486681643132222,0.22841377652746658,3.0,11.45497432605905,0.45682755305493317
79,6118711.0527183935,8136.881949610272,23.518548465344935,0.23038385678984347,3.0,11.457453345839127,0.46076771357968693
80,6160440.99088729,8125.586123101519,23.483389288569146,0.25486692994540755,3.0,11.454548361310952,0.5097338598908151
81,6183780.559832475,8152.965663863934,23.50487547555868,0.24260073069213295,3.0,12.0,0.4852014613842659
82,6173580.577759975,8130.402339368691,23.504598622015703,0.23820559034797564,3.0,12.453901618330395,0.4764111806959513
83,6187697.835961433,8168.244977588598,23.469607558608235,0.21304115972575513,3.0,12.45499983876689,0.42608231945151026
84,6178623.344392297,8119.365884447321,23.73264282246318,0.1961638852255252,3.0,12.453018287748826,0.3923277704510504
85,6195073.260807892,8108.177633063606,23.520261775041103,0.20818046866265452,3.0,12.461555820626067,0.41636093732530904
86,6164373.402518185,8119.021528525296,23.537854323645497,0.20072620115915474,3.0,12.465701144926118,0.4014524023183095
87,6141438.656972384,8117.895666916631,23.5871344266571,0.2092596665919815,3.0,12.46473867823025,0.418519333183963
88,6151667.902731599,8142.201414694569,23.582697698676576,0.23335878923561623,3.0,13.0,0.46671757847123246
89,6200737.56162302,8150.9681862269645,23.583155512447462,0.2094804493330877,3.0,13.458325250565794,0.4189608986661754
90,6169334.537419838,8128.687847911716,23.516585826361535,0.24612247323542957,3.0,13.454409323220156,0.49224494647085915
91,6161661.046583482,8106.539275103981,23.67551990493167,0.21474508286874028,3.9959893048128343,13.510546642899584,0.42949016573748056
92,6117765.643293485,8077.374565223746,23.67708181100751,0.21478322722916804,4.0,13.516587262151814,0.4295664544583361
93,6152874.008035507,8084.759805059179,23.464115804130888,0.20587973217856972,4.0,13.52323624970991,0.41175946435713945
94,6158703.644941495,8063.332087514015,23.76094643935256,0.21825059319146714,4.0,13.52379035735848,0.4365011863829343
95,6158119.720638359,8129.010543751791,23.37578441053738,0.22959622791637657,4.0,14.0,0.45919245583275314
96,6149235.582461855,8105.507086119207,23.643979655980342,0.1855995856298197,4.0,14.51680096005486,0.3711991712596394
97,6153617.965449749,8071.447394547982,23.562391853175615,0.18338873468442213,4.0,14.514537769835192,0.36677746936884426
98,6135309.498000914,8138.327764450537,23.677604523646334,0.18978018073197275,4.0,14.519962302947224,0.3795603614639455
99,6183851.999675603,8114.905865699372,23.650299330561207,0.17510888404070601,4.0,14.546786988705064,0.35021776808141203
100,6172924.80272609,8126.049488151123,23.58619421978395,0.14876653505927345,4.0,14.523273570499406,0.2975330701185469
101,6189508.337229142,8093.230933287835,23.696695671955865,0.17326142151328605,4.0,14.51447420804186,0.3465228430265721
102,6185164.035891159,8124.011982694826,23.64703705812034,0.1756611828997585,4.0,15.0,0.351322365799517
103,6153202.507099161,8177.35117370892,23.58082230758287,0.15838148460935764,4.0,15.517000995874236,0.3167629692187153
104,6109007.603451719,8159.9161317928965,23.53858222792754,0.1904334793045614,4.0,15.514990728854658,0.3808669586091228
105,6160487.785606384,8108.452387059997,23.618013396038194,0.17741966713058865,4.0,15.52082086361693,0.3548393342611773
106,6124372.284632554,8124.553923092137,23.473992032322776,0.15171292796809038,4.0,15.525894950979007,0.30342585593618077
107,6151078.76750668,8086.335047843453,23.598057527082556,0.15728137917289287,4.0,15.525157323065429,0.31456275834578573
108,6173273.369437856,8162.544225658026,23.627761424366266,0.1570318495272666,4.0,15.520762481781029,0.3140636990545332
109,6171329.655986944,8129.224331443624,23.519670159766363,0.1628634109076862,4.0,16.0,0.3257268218153724
110,6187131.514420736,8074.957725905771,23.695403121867393,0.14319362585732798,4.0,16.51737075755406,0.28638725171465595
111,6150111.632058705,8080.523533795792,23.757667832368284,0.14882861502694167,4.0,16.51943473026429,0.29765723005388334
112,6155623.896643337,8101.699128695901,23.589515783459508,0.1410952429288228,4.0,16.524096557634625,0.2821904858576456
113,6169148.019105922,8116.416913439635,23.54382118451025,0.12670682886637769,4.0,16.525597949886105,0.25341365773275537
114,6151871.665448941,8129.6440436097955,23.64938067241281,0.10982304683182809,4.0,16.520121011473258,0.21964609366365617
115,6147581.830979937,8096.148193214296,23.56011771696992,0.10873399468852582,4.0,16.52253883811087,0.21746798937705164
116,6143395.36756186,8137.743628528211,23.571477496503896,0.1106175307393039,4.0,17.0,0.2212350614786078
117,6152982.00814201,8149.528482651476,23.536423269463146,0.105446656701103,4.0,17.514787962483457,0.210893313402206
118,6144381.081478311,8111.974771689498,23.708818493150684,0.10547517244729339,4.0,17.516552511415526,0.21095034489458678
119,6158666.061947159,8107.729895357576,23.592559403364746,0.10486346297906672,4.0,17.52578481817656,0.20972692595813344
120,6143020.242143328,8119.1325086818015,23.734092931148293,0.11280683870077271,4.0,17.520448870648337,0.22561367740154542
121,6146235.520524369,8096.21026361837,23.542296549152347,0.11069050276874537,4.993115515906027,17.52554430452368,0.22138100553749074
122,6175570.961157285,8124.7330420129665,23.671236397909347,0.1457020207084193,5.0,17.523177105646475,0.2914040414168386
123,6154504.429789182,8105.956520495438,23.520924511570698,0.1564361899927791,5.0,18.0,0.3128723799855582
124,6203844.796143251,8133.747130394858,23.613033746556475,0.14179743762577612,5.0,18.518853305785125,0.28359487525155225
125,6202750.341396767,8148.610222631307,23.504458378875913,0.12007301827047795,5.0,18.52022090548237,0.2401460365409559
126,6204587.066619013,8120.588620443174,23.56711937097927,0.11495574528918731,5.0,18.528234453180843,0.22991149057837462
127,6180301.292245668,8123.169840452908,23.462743752501858,0.13392985670814572,5.0,18.526419626007893,0.26785971341629145
128,6172477.845879488,8117.646987183205,23.543379922287304,0.15924791188777485,5.0,18.530766107985848,0.3184958237755497
129,6159014.241565645,8146.171603385178,23.61522186642269,0.1381882482334405,5.0,18.522987191216835,0.276376496466881
130,6143439.106468656,8096.163472797372,23.664658003712695,0.13455405434145337,5.0,19.0,0.26910810868290674
131,6139076.59923055,8132.705186662867,23.5141065830721,0.1382035883412273,5.0,19.520632658877172,0.2764071766824546
132,6150846.682579612,8127.700388771368,23.598107598193355,0.14400989201741715,5.0,19.516608541535646,0.2880197840348343
133,6165092.639380847,8159.699064404452,23.665560355926868,0.1395892778765674,5.0,19.522274040799978,0.2791785557531348
134,6158759.5002159085,8086.74160117454,23.62619109307079,0.12432168532051562,5.0,19.52644154647782,0.24864337064103123
135,6171061.260876993,8128.309937357631,23.603644646924828,0.11258914360490602,5.0,19.528189066059227,0.22517828720981203
136,6178158.947346108,8158.848821434628,23.521366796676276,0.12182739871337586,5.0,19.531060991464585,0.24365479742675172
137,6146942.804873321,8132.108542156999,23.657178457704553,0.11880042299863879,5.0,20.0,0.23760084599727757
138,6159008.475188721,8125.340003330373,23.605239786856128,0.10259931597445338,5.0,20.50163743339254,0.20519863194890675
139,6168702.841873309,8129.582996290201,23.54969177986667,0.09312068804870387,5.0,20.502329084265433,0.18624137609740773
140,6179055.960861918,8154.473202506596,23.48463610378188,0.07662590055951712,5.0,20.54452506596306,0.15325180111903425
141,6190018.967886606,8100.527905431593,23.553956037871657,0.0654228801449469,5.0,20.54565084989757,0.1308457602898938
142,6143522.194663299,8121.038899717243,23.616959947291843,0.06832604994308257,5.0,20.548302083619294,0.13665209988616514
143,6184268.422931091,8134.23777338169,23.5156061105616,0.05838445655706991,5.0,20.551763930102208,0.11676891311413982
144,6155815.937592428,8135.175553225243,23.64854400258127,0.05362903058793235,5.0,21.0,0.1072580611758647
145,6192707.943042264,8094.370781033968,23.512456963157753,0.055938821784070746,5.0,21.48876297882723,0.11187764356814149
146,6136066.440278286,8126.985389967045,23.567704137678508,0.07219108579976384,5.0,21.66726473819114,0.14438217159952768
147,6158746.100076,8111.419602627436,23.534308669453342,0.08222757329458569,5.0,21.55417729764942,0.16445514658917137
148,6169213.669046913,8139.941499824849,23.72452911535663,0.065647620680225,5.0,21.555522621325213,0.13129524136045
149,6156972.605240664,8143.567631817939,23.55497088519686,0.06941586032169071,5.0,21.5577755221967,0.13883172064338142
150,6170297.797149707,8142.57767714438,23.563665423548215,0.058738181117448045,5.0,21.556925945657966,0.11747636223489609
151,6149306.208965939,8144.856337578771,23.646175117658007,0.06235279807968355,5.0,22.0,0.1247055961593671
152,6168250.3776518265,8130.277802791536,23.612018963371032,0.06307250564782019,5.913181661678629,22.484863733877162,0.12614501129564037
153,6158672.955182887,8122.813231216162,23.604885778423345,0.04992441793493882,6.0,22.483401558167174,0.09984883586987764
154,6169447.036118032,8124.759318032787,23.580380327868852,0.046858514126265946,6.0,22.565009836065574,0.09371702825253189
155,6168952.086310539,8125.5567922299515,23.556608478802993,0.04676292694914599,6.0,22.570468565428534,0.09352585389829197
156,6143232.586966175,8133.1471333420395,23.46485568760611,0.05433502260482214,6.0,22.571320360454486,0.10867004520964428
157,6172429.064969525,8117.706993484658,23.614754098360656,0.07259292300537724,6.0,22.573166246321986,0.1451858460107545
158,6130285.928084251,8123.206444194737,23.628426581649986,0.07820596269548537,6.0,23.0,0.15641192539097074
159,6167006.744924123,8073.9352956567245,23.63733647305076,0.0730037119921642,6.0,23.479251700680273,0.1460074239843284
160,6176588.420894673,8114.180926754806,23.587617396703838,0.0750014670287368,6.0,23.475123541434893,0.1500029340574736
161,6132785.513553475,8086.36333687842,23.600606988145575,0.0725371740225874,6.0,23.56973878758009,0.1450743480451748
162,6163718.415423791,8136.846749467339,23.49880476017253,0.06017101327810986,6.0,23.577638621836513,0.12034202655621971
163,6144147.074483435,8109.848583017994,23.735932267987913,0.05371665688745505,6.0,23.601339395094328,0.1074333137749101
164,6184116.48855438,8130.158204502305,23.508299430431244,0.05293779986034988,6.0,23.601654461621916,0.10587559972069976
165,6144831.304176812,8103.790035587189,23.58882080646456,0.052622688697212545,6.0,24.0,0.10524537739442509
166,6165094.123362122,8097.611133532435,23.559394086151695,0.05196003088990679,6.0,24.494551618371137,0.10392006177981358
167,6158148.070987654,8121.1201537795105,23.54234351310375,0.05035504771911587,6.0,24.49377301277886,0.10071009543823174
168,6157258.399230313,8130.322468166439,23.467546555776533,0.04962459835390467,6.0,24.621535759485496,0.09924919670780934
169,6162043.301415701,8059.271917631918,23.594568854568855,0.05526803253101214,6.0,24.623938223938225,0.11053606506202428
170,6168846.422847422,8134.23802148135,23.526039153949675,0.06826586911622473,6.0,24.62179112815174,0.13653173823244946
171,6146998.210502456,8106.790303488226,23.525576123913865,0.06603550118292756,6.0,24.62541241657222,0.13207100236585512
172,6148842.301035876,8145.610737746337,23.551490651844365,0.0530198230354904,6.0,25.0,0.1060396460709808
173,6152808.27180313,8130.53064767752,23.41394494489457,0.048972074133482216,6.0,25.456569875698253,0.09794414826696443
174,6149516.5141247185,8064.034585524668,23.441923365890307,0.04278234143794371,6.0,25.453067868770347,0.08556468287588742
175,6171675.398261043,8066.669598241056,23.672071756945833,0.03982609583186385,6.0,25.62874775134919,0.0796521916637277
176,6124211.605222505,8117.646060696667,23.515647580604973,0.039948080313928776,6.0,25.62884337469477,0.07989616062785755
177,6154415.892841018,8116.924873325641,23.330983795715646,0.040315414083991266,6.0,25.637636080870916,0.08063082816798253
178,6165595.511299224,8118.165905061553,23.490149074837067,0.04012233285464186,6.0,25.64159612455365,0.08024466570928372
179,6144933.463667308,8107.074391988555,23.46588722805979,0.04143198805126877,6.0,26.0,0.08286397610253754
180,6188590.626160818,8085.0746638270475,23.61840964810183,0.03821973995564709,6.0,26.449815507293035,0.07643947991129418
181,6176489.687699661,8129.774027389119,23.636858918798445,0.038868652678978585,6.0,26.45080607216265,0.07773730535795717
182,6113442.967108336,8111.924064013373,23.52636495489073,0.03600757984280749,6.798962609700337,26.647778952284963,0.07201515968561498
183,6159172.115188909,8085.198888916201,23.51350753422974,0.03533934760699192,7.0,26.650770630023843,0.07067869521398384
184,6130116.294318994,8102.642000541752,23.508828092294813,0.036688096077644824,7.0,26.647294934620405,0.07337619215528965
185,6173505.423943458,8110.651944230027,23.59055384021613,0.039181425885020216,7.0,26.64738517946739,0.07836285177004043
186,6166715.841599496,8157.803911601675,23.50843560138455,0.038100133336012525,7.0,27.0,0.07620026667202505
187,6175123.925341778,8079.186723943309,23.495484761068607,0.044042990838762446,7.0,27.55785149880848,0.08808598167752489
188,6158631.910864713,8103.594019247846,23.64902680778554,0.04577486035431013,7.0,27.433940528475773,0.09154972070862026
189,6143398.972996849,8128.633153471493,23.619711584375896,0.040886659609013,7.0,27.64924553528794,0.081773319218026
190,6165562.73354845,8142.7707049965775,23.533318666275544,0.043568243427391476,7.0,27.641121541018872,0.08713648685478295
191,6175275.910840692,8122.860152939227,23.53945405904496,0.042719443007446525,7.0,27.658230545230712,0.08543888601489305
192,6156083.737597756,8117.250041598327,23.433121776129692,0.04227830772444385,7.0,27.656540445458653,0.0845566154488877
193,6172630.293932711,8111.1895265355915,23.567758434611232,0.042875534261101786,7.0,28.0,0.08575106852220357
194,6129269.937229641,8147.28782678202,23.55964359601279,0.04366973457276918,7.0,28.42791987963137,0.08733946914553836
195,6169255.720517647,8086.43614117647,23.677694117647057,0.04469467634543317,7.0,28.428941176470587,0.08938935269086634
196,6176854.742957081,8123.760847986387,23.695878237852146,0.04549629701146234,7.0,28.65752032520325,0.09099259402292469
197,6157340.655595227,8134.885300197313,23.670839988724982,0.04160710166106708,7.0,28.66078643239688,0.08321420332213415
198,6158022.612361729,8129.446345079256,23.537233435967615,0.04673719946717718,7.0,28.6795985859277,0.09347439893435436
199,6178069.538250629,8145.889855267889,23.56816343042071,0.048647784739916225,7.0,28.67729683567062,0.09729556947983245
200,6135468.438680047,8166.3944264897655,23.471650507455916,0.05327705898745405,7.0,29.0,0.1065541179749081
201,6144087.243573464,8091.402184034539,23.607409915629674,0.050543455851320064,7.0,29.51195011145913,0.10108691170264013
202,6162191.373530682,8111.584612236546,23.505581702021235,0.04792293734378176,7.0,29.41390991974172,0.09584587468756352
203,6140233.861428736,8151.163096744507,23.703508570113886,0.043223461283352124,7.0,29.6726331531117,0.08644692256670425
204,6184404.408836765,8119.543865630256,23.604572935133415,0.04206550587889581,7.0,29.668712214191554,0.08413101175779163
205,6177949.320610687,8137.580152671756,23.560932388222465,0.040360155301362194,7.0,29.673595965103598,0.08072031060272439
206,6172660.4935000455,8122.012051999639,23.49923264421775,0.040654824353319956,7.0,29.675363365532185,0.08130964870663991
207,6199845.9510180475,8113.2271864877375,23.497570569180933,0.04273136747171943,7.0,30.0,0.08546273494343885
208,6198678.779840603,8152.9561307711965,23.626437716383577,0.040964739395444275,7.0,30.41798917210772,0.08192947879088855
209,6146349.124157008,8091.487872345289,23.516494067622247,0.042458565285340207,7.0,30.41211165215006,0.08491713057068041
210,6180393.992239169,8104.144171503127,23.651504926440815,0.04569724573046735,7.0,30.70513339631979,0.0913944914609347
211,6161320.247467083,8109.77147958045,23.577036375808973,0.043119641797282636,7.0,30.70069180986387,0.08623928359456527
212,6178895.428324137,8140.6606513036895,23.5092935194201,0.0412988248726477,7.0,30.685621551444335,0.0825976497452954
213,6187330.862072756,8149.896939224091,23.486372128805364,0.04490774997486413,7.629299923068469,30.86133091548522,0.08981549994972826
214,6175622.26924854,8135.96273950265,23.615790188884358,0.04507311296342921,8.0,31.0,0.09014622592685842
215,6166660.107342958,8121.943890744532,23.504013576123263,0.045213611886100895,8.0,31.49162266997091,0.09042722377220179
216,6151311.0080301035,8163.726161843432,23.5655985724261,0.05053857239308478,8.0,31.281441539297074,0.10107714478616955
217,6152992.477713125,8143.672256683318,23.515178130317835,0.04083223175920676,8.0,31.864796618543117,0.08166446351841351
218,6169330.051604783,8125.600514406107,23.467233972692696,0.03908519545510916,8.0,31.872547678332012,0.07817039091021832
219,6145590.090001935,8131.008900682754,23.572324957846146,0.042864742439507934,8.0,31.877242446858503,0.08572948487901587
220,6167953.190440167,8131.66462133311,23.60438205710123,0.04354134214657007,8.0,31.881202544058727,0.08708268429314014
221,6147721.685789078,8154.592219220808,23.549165947255563,0.04356982751316475,8.0,32.0,0.0871396550263295
222,6166699.160247922,8158.8444569657695,23.40760670516974,0.042391907760458494,8.0,32.503761093111706,0.08478381552091699
223,6154632.886981322,8193.921513253552,23.491304104686275,0.04393865220464254,8.0,32.50472542221228,0.08787730440928508
224,6139452.151908995,8119.279892671474,23.66160769187769,0.04371552231669821,8.0,32.884985186427414,0.08743104463339642
225,6165963.542824827,8116.545511098544,23.574240067863705,0.046657448914210954,8.0,32.89113530326594,0.09331489782842191
226,6145431.2051412,8157.722949573444,23.44691274600895,0.04655737767769682,8.0,32.890249739561334,0.09311475535539364
227,6181455.777818666,8133.1389305630255,23.600900161349674,0.0457161655029697,8.0,32.887621366093924,0.0914323310059394
228,6161678.384551862,8138.302828324535,23.429911227770077,0.04650725106031623,8.0,33.0,0.09301450212063246
229,6145064.008227417,8146.204578983205,23.67791080344984,0.05121400218271182,8.0,33.51324897866546,0.10242800436542364
230,6186974.000814403,8140.481574125243,23.600477007649573,0.05142517731528007,8.0,33.523254122916725,0.10285035463056014
231,6132120.910686614,8105.754712196771,23.64012622207196,0.046698152647420985,8.0,33.88938663961908,0.09339630529484197
232,6143988.286692996,8091.63331184009,23.812646086886435,0.048669484796674455,8.0,33.8375513822842,0.09733896959334891
233,6150703.013548926,8115.011485921383,23.782882631725677,0.049225669527668846,8.0,33.88712015611932,0.09845133905533769
234,6167271.224443638,8115.814648312065,23.52614972216793,0.051130649692761224,8.0,33.88431575126351,0.10226129938552245
235,6164666.859805825,8116.473703190014,23.53131761442441,0.052424384572255046,8.0,34.0,0.10484876914451009
236,6161227.689858622,8099.2727652232,23.606590225982412,0.045253843548453014,8.0,34.50359011466102,0.09050768709690603
237,6180671.686572536,8119.239313399778,23.624473975636768,0.04774050093070522,8.0,34.50343300110742,0.09548100186141044
238,6138231.938682522,8107.819687161393,23.66051732281277,0.05047834951358921,8.0,34.876670463701274,0.10095669902717842
239,6150939.154319285,8148.8506178287735,23.59104699911739,0.04880228070834378,8.0,34.88065423654016,0.09760456141668757
240,6170273.845479921,8124.221291766852,23.566619683276677,0.051486259269517755,8.0,34.87798137246774,0.10297251853903551
241,6164459.905211755,8121.806877307212,23.564572857018284,0.05399986270371167,8.0,34.8680928988751,0.10799972540742334
242,6163594.704416087,8185.360318464229,23.63272443171249,0.056234494539357964,8.0,35.0,0.11246898907871593
243,6111646.79249839,8112.042820347714,23.460882163554412,0.047954857448178595,8.0,35.32537830006439,0.09590971489635719
244,6155354.043971673,8156.521042549486,23.651796598363035,0.048217906329624555,8.645556394032623,35.520026702269696,0.09643581265924911
245,6182983.241709694,8128.0403125604,23.58908799734931,0.05765971663712779,9.0,35.8790899301433,0.11531943327425558
246,6185683.995410882,8135.907634270602,23.633726130750983,0.05605751209546235,9.0,35.83160269124567,0.1121150241909247
247,6155730.8203729475,8150.254327859727,23.648065683273032,0.05987249438920871,9.0,35.87876426384637,0.11974498877841742
248,6131957.888815317,8133.931578656955,23.647961154334272,0.0655583536143692,9.0,35.88147657672571,0.1311167072287384
249,6176075.458352697,8141.662775757907,23.647931986550397,0.06774778442709792,9.0,36.0,0.13549556885419584
250,6165997.956600989,8145.981222694789,23.470300610479413,0.06473027053281173,9.0,36.5203541359257,0.12946054106562346
251,6146267.504708514,8151.034050426666,23.61555880809699,0.06687065467939929,9.0,36.49910248267101,0.13374130935879858
252,6153989.310385097,8099.43714722647,23.689865146670375,0.05863693721141489,9.0,36.87785346865007,0.11727387442282979
253,6166151.805344117,8084.971495401205,23.69941325721535,0.07049532022862418,9.0,36.82631620678719,0.14099064045724835
254,6151111.062217506,8097.314428329993,23.645285540227174,0.06755828506105892,9.0,36.824155956451676,0.13511657012211784
255,6164545.288890116,8136.35704620143,23.582751097732732,0.057523994413359376,9.0,36.877468172654716,0.11504798882671875
256,6159547.925978549,8140.360607326926,23.63515810001393,0.063098439005018,9.0,37.0,0.126196878010036
257,6152489.505966324,8178.158844765343,23.61096260368727,0.058173513871975065,9.0,37.49656901920798,0.11634702774395013
258,6169293.971660705,8092.138784904196,23.444000776419045,0.06480575777259856,9.0,37.492804259213045,0.12961151554519712
259,6109759.600641518,8130.882936725518,23.65736374602478,0.06330199979934388,9.0,37.872902730562565,0.12660399959868776
260,6185718.983719542,8164.339311879307,23.677755467520488,0.08433196431231195,9.0,37.86500786888804,0.1686639286246239
261,6150126.858699511,8164.656498347762,23.551792883087092,0.08980738280498606,9.0,37.861922058060465,0.1796147656099721
262,6164777.526651295,8132.384809439848,23.60556083005561,0.08813479890688068,9.0,37.86377322663773,0.17626959781376136
263,6162898.798178172,8147.936681709288,23.57716307315171,0.08533504503895778,9.0,38.0,0.17067009007791556
264,6142964.59463589,8141.200021827508,23.553218193228016,0.09460998712989685,9.0,38.490027557229,0.1892199742597937
265,6167004.290226298,8127.2187279535465,23.656455201606338,0.08353987037984086,9.0,38.48949910457481,0.1670797407596817
266,6170258.654312854,8137.728051391863,23.509416350958105,0.07973424173287531,9.0,38.86320210838412,0.15946848346575063
267,6182112.560349506,8122.854417670683,23.641294909367197,0.08680749911665112,9.0,38.862829697167044,0.17361499823330223
268,6177024.0122571,8185.661720342438,23.639570593830683,0.08775738609258336,9.0,38.866367713004486,0.17551477218516673
269,6170669.326961143,8136.528268120068,23.508961739743487,0.08799106451056518,9.0,38.86539765178014,0.17598212902113036
270,6171685.84370576,8146.872645105085,23.608216269193075,0.08873419199677407,9.0,39.0,0.17746838399354814
271,6202084.766713658,8172.123163259774,23.771918885213903,0.08088051858457514,9.0,39.49547253700591,0.16176103716915027
272,6149218.987517337,8130.5976144244105,23.545936199722608,0.082633382713135,9.0,39.508377253814146,0.16526676542627
273,6161700.8316815235,8145.315486407176,23.594540723105034,0.07777772960899572,9.0,39.888516693427825,0.15555545921799144
274,6169497.544712651,8174.754330560941,23.58054530673504,0.07997690722307994,9.566975173535113,40.0,0.1599538144461599
275,6169118.720737933,8163.267422557709,23.52548000125286,0.09993942297888331,10.0,40.0,0.19987884595776662
276,6131414.5471022455,8128.599497408512,23.683932778388566,0.10292095746351784,10.0,40.0,0.20584191492703569
277,6179578.25988789,8152.925844737419,23.602480192903894,0.11460162800970809,10.0,40.0,0.22920325601941618
278,6179617.4569482375,8137.99406723797,23.599773990017894,0.14286939975783003,10.0,40.56066170700317,0.28573879951566006
279,6173347.339298004,8153.829381217543,23.487236438716135,0.14765168842959664,10.0,40.56625789901771,0.2953033768591933
280,6158001.745486166,8147.252268774703,23.644110671936758,0.11441385653014992,10.0,41.0,0.22882771306029984
281,6159708.677439737,8138.373550690298,23.54048589391211,0.12346074016714392,10.0,41.0,0.24692148033428785
282,6173604.669361205,8148.449209005652,23.57510499226373,0.15605228819646016,10.0,41.0,0.31210457639292033
283,6154270.813043341,8154.752157556982,23.619384819650364,0.1257850978408626,10.0,41.0,0.2515701956817252
284,6168151.610036774,8156.03027517119,23.57871544509257,0.12290757658333358,10.0,41.0,0.24581515316666716
285,6178336.235338919,8147.387979182534,23.59031480071084,0.12204489745210095,10.0,41.5722581873572,0.2440897949042019
286,6194242.861335548,8150.004694535815,23.581164372624787,0.12668566043197477,10.0,41.567943026857854,0.25337132086394953
287,6189171.819418916,8190.712650349876,23.518944890522718,0.12668851478233084,10.0,42.0,0.2533770295646617
288,6167743.941236392,8155.963264786401,23.445820334882537,0.13432321407043094,10.0,42.0,0.26864642814086187
289,6155049.52751103,8140.409323903452,23.43070334804049,0.12046396563053886,10.0,42.0,0.24092793126107773
290,6194465.401057015,8189.410313901345,23.564253683536194,0.19233166955170736,10.0,42.0,0.3846633391034147
291,6171141.456234954,8137.684577114428,23.556539881238965,0.20269744755973315,10.0,42.0,0.4053948951194663
292,6176555.243360177,8190.339175746092,23.600568450971103,0.21377751527796104,10.0,42.56529291015317,0.4275550305559221
293,6135210.001773612,8148.89323494014,23.588015455754736,0.2132599971158625,10.0,42.56156964591119,0.426519994231725
294,6211853.900493265,8165.87734775185,23.604249667994686,0.19366888272644095,10.0,43.0,0.3873377654528819
295,6138345.232965504,8153.857147374079,23.50602333449268,0.1730533875916694,10.0,43.0,0.3461067751833388
296,6174160.483135709,8092.914772546651,23.587087134818958,0.1767349120278374,10.0,43.0,0.3534698240556748
297,6181584.206442028,8201.370780123909,23.526204324187635,0.1521109804881591,10.0,43.0,0.3042219609763182
298,6169970.131681383,8178.099749992089,23.575999240482293,0.1610291087854261,10.0,43.0,0.3220582175708522
299,6155782.115985785,8124.433248419662,23.514545397364532,0.15377694804608302,10.0,43.56583954461113,0.30755389609216605
300,6149036.05988665,8187.73476070529,23.671379093198993,0.1597828072243971,10.0,43.5617128463476,0.3195656144487942
301,6171780.785750252,8099.961417421953,23.576850453172206,0.13953149707527165,10.0,44.0,0.2790629941505433
302,6132045.083726045,8151.236789192586,23.46864593151115,0.15145522289289626,10.0,44.0,0.3029104457857925
303,6152145.175268139,8146.811135646688,23.50422712933754,0.1611033706960194,10.0,44.0,0.3222067413920388
304,6140170.154994623,8110.308818877713,23.557189852596952,0.14282900250225772,10.0,44.0,0.28565800500451544
305,6172545.469899822,8134.160284617546,23.720906282183318,0.17634189961494404,10.341447430015917,44.0,0.3526837992298881
306,6101021.2327209925,8121.053257968284,23.656178363950385,0.2251666830358518,11.0,44.55788977861517,0.4503333660717036
307,6152769.2128613535,8162.551984699317,23.640716122154636,0.2409389293524175,11.0,44.56255095002195,0.481877858704835
308,6156131.1926376885,8169.462999179863,23.492208693457826,0.21057099558790363,11.0,45.0,0.42114199117580725
309,6170137.849440132,8122.90514060313,23.37065784450948,0.1927910865168823,11.0,45.0,0.3855821730337646
310,6136349.850119227,8115.331576305221,23.495481927710845,0.19764101085191849,11.0,45.0,0.39528202170383697
311,6184102.952694196,8135.074310713836,23.53367745184439,0.2306137988487124,11.0,45.0,0.4612275976974248
312,6191802.972702315,8168.043114743869,23.546016097834904,0.23785440792067641,11.0,45.0,0.47570881584135283
313,6151493.189768089,8146.191413294523,23.56174265194419,0.23208189944457722,11.0,45.55778783180941,0.46416379888915443
314,6177793.910794863,8161.225616105519,23.576441260925815,0.2502743607319891,11.0,45.55918083998612,0.5005487214639782
315,6149969.220702391,8163.996744710154,23.55164642544134,0.2476161901387627,11.0,46.0,0.4952323802775254
316,6156028.36835463,8147.277078403534,23.541599621391388,0.23789252482941006,11.0,46.0,0.4757850496588201
317,6153886.3390981695,8157.224451292372,23.58235331111251,0.23365427304853026,11.0,46.0,0.4673085460970605
318,6154027.385899638,8142.963047764421,23.57832474718565,0.23064902615899766,11.0,46.0,0.4612980523179953
319,6161497.580497296,8161.939354966364,23.540001319087192,0.21899726359571894,11.0,46.0,0.4379945271914379
320,6158178.409168728,8139.871821698053,23.637847948766723,0.21541240925642127,11.0,46.55789106588041,0.43082481851284254
321,6153268.54101912,8209.51414398292,23.520517409186525,0.2623621770785099,11.0,46.564660450221346,0.5247243541570198
322,6193710.253724816,8103.653412462908,23.657254411994376,0.24058910683489762,11.0,47.0,0.48117821366979524
323,6138048.058536585,8089.050234521576,23.434943714821763,0.23969179673465849,11.0,47.0,0.47938359346931697
324,6192549.113507378,8144.594652541304,23.60928238113255,0.23217740961673353,11.0,47.0,0.46435481923346705
325,6143541.046540841,8175.385924693025,23.56068837735138,0.2477369166943392,11.0,47.0,0.4954738333886784
326,6166858.78527122,8151.579846825748,23.519969618330276,0.28351780411634075,11.0,47.0,0.5670356082326815
327,6156394.09109561,8178.735898488053,23.51384110350052,0.2794661301122137,11.0,47.55632713613838,0.5589322602244274
328,6149050.005981927,8098.141625302278,23.66128929616902,0.2502867750400132,11.0,47.558387425225916,0.5005735500800264
329,6165491.546052424,8136.386418704175,23.591239497781554,0.24396839609725138,11.0,48.0,0.48793679219450276
330,6249406.458975427,8104.335971123143,23.568837058632976,0.2632200570487269,11.0,48.0,0.5264401140974538
331,6169227.474097578,8117.3393547171,23.544783387263987,0.2592378231578088,11.0,48.0,0.5184756463156176
332,6190487.095260485,8159.963325183374,23.43317033414833,0.27117793988771627,11.0,48.0,0.5423558797754325
333,6194140.272517758,8125.238263614839,23.58219415943173,0.27413152059648616,11.0,48.0,0.5482630411929723
334,6156485.313274958,8114.205963185479,23.584973795219227,0.28531586347948407,11.0,48.55841748689761,0.5706317269589681
335,6138569.864676775,8098.441117318435,23.530853950518754,0.3050592477628188,11.559936153232243,48.55993615323224,0.6101184955256376
336,6158629.812835579,8210.156113868909,23.412014993415053,0.28517227123510586,12.0,49.0,0.5703445424702117
337,6150562.378214252,8147.91466616061,23.482335452446467,0.2655454707573861,12.0,49.0,0.5310909415147722
338,6177575.923692366,8158.80795016128,23.40086016064765,0.27911780782838025,12.0,49.0,0.5582356156567605
339,6153764.065735706,8116.1964992438625,23.635702564432574,0.2601699854796981,12.0,49.0,0.5203399709593962
340,6155538.482684393,8128.040455840456,23.59981006647673,0.25973909330316003,12.0,49.0,0.5194781866063201
341,6191777.486211513,8104.171921017403,23.461144578313252,0.3114362869919388,12.0,49.532998661311915,0.6228725739838776
342,6161441.911364816,8088.037605950528,23.63660266389898,0.3471266032895723,12.0,49.513717349939455,0.6942532065791446
343,6167192.059626505,8189.976775049768,23.55464972983221,0.24752298796094824,12.0,50.0,0.4950459759218965
344,6170976.329504483,8094.434223541049,23.67221849972879,0.3031394590866274,12.0,50.0,0.6062789181732549
345,6149204.675522912,8136.460354462718,23.415966789078716,0.3380978268180898,12.0,50.0,0.6761956536361796
346,6170985.358139061,8092.357494316061,23.517492958702366,0.3141622029063351,12.0,50.0,0.6283244058126702
347,6175190.718314352,8157.937824991227,23.585159664401697,0.32875072371104985,12.0,50.0,0.6575014474220997
348,6154611.022707423,8131.743886462882,23.595589519650655,0.31323639134070813,12.0,50.7643231441048,0.6264727826814163
349,6140978.1462471085,8154.995533221664,23.71209220706708,0.32943406665207625,12.0,50.696259073143494,0.6588681333041525
350,6145726.736898734,8177.34,23.5725,0.31308847293294007,12.0,51.0,0.6261769458658801
351,6204274.044474051,8134.798407562492,23.500602715391448,0.3402094182885305,12.0,51.0,0.680418836577061
352,6187791.344039177,8112.164626196458,23.52650491302827,0.4008410720097065,12.0,51.0,0.801682144019413
353,6194642.726269882,8147.284825551565,23.460492560287328,0.39867490693535623,12.0,51.0,0.7973498138707125
354,6144548.578188706,8110.9737712286105,23.39689877684677,0.41093163880128586,12.0,51.0,0.8218632776025717
355,6175475.609503933,8203.16175951196,23.342045272114305,0.4089042071573188,12.0,51.55758548723712,0.8178084143146376
356,6222352.204934865,8151.326926779182,23.51228903292049,0.38573110632016694,12.0,51.559808765962906,0.7714622126403339
357,6156909.179098667,8078.053599818306,23.500470458453652,0.40347754052742035,12.0,52.0,0.8069550810548407
358,6169979.30308724,8125.905925038064,23.70556221451942,0.35935286175002834,12.0,52.0,0.7187057235000567
359,6193162.294795055,8085.009564085882,23.609661678594666,0.32286242611331595,12.0,52.0,0.6457248522266319
360,6169356.501066787,8108.796437576776,23.527413202301673,0.30405663671041566,12.0,52.0,0.6081132734208313
361,6131880.343195266,8153.986678479891,23.612884852703857,0.32917458280623596,12.0,52.0,0.6583491656124719
362,6172272.883694959,8138.112444160817,23.598500319081047,0.3579382802210468,12.0,52.55481812380344,0.7158765604420936
363,6133078.197448573,8104.152543453994,23.64538351140169,0.37814707484977744,12.0,52.55688088024239,0.7562941496995549
364,6163753.779185406,8113.635839614873,23.581174383986824,0.3420925215872448,12.0,29.603787926775194,0.6841850431744896
365,6153276.321260448,8142.3432926634005,23.519390271239633,0.3338204785956477,12.0,29.756780990809236,0.6676409571912953
366,6146891.871139972,8163.319985569986,23.486147186147186,0.2807812716833995,12.0,1.0,0.561562543366799
